,number_of_blocks,layers_per_block,neurons_per_block_layer,neurons_per_block_layer_decay,valid_block,blocks
0,2,2,70,15,True,"[[2, 70, 15], [2, 70, 15]]"
1,2,2,70,16,True,"[[2, 70, 16], [2, 70, 16]]"
2,2,2,70,17,True,"[[2, 70, 17], [2, 70, 17]]"
3,2,2,70,18,True,"[[2, 70, 18], [2, 70, 18]]"
4,2,2,70,19,True,"[[2, 70, 19], [2, 70, 19]]"
5,2,2,70,20,True,"[[2, 70, 20], [2, 70, 20]]"
6,2,2,70,21,True,"[[2, 70, 21], [2, 70, 21]]"
7,2,2,70,22,True,"[[2, 70, 22], [2, 70, 22]]"
8,2,2,70,23,True,"[[2, 70, 23], [2, 70, 23]]"
9,2,2,70,24,True,"[[2, 70, 24], [2, 70, 24]]"
10,2,2,70,25,True,"[[2, 70, 25], [2, 70, 25]]"
11,2,2,70,26,True,"[[2, 70, 26], [2, 70, 26]]"
12,2,2,70,27,True,"[[2, 70, 27], [2, 70, 27]]"
13,2,2,70,28,True,"[[2, 70, 28], [2, 70, 28]]"
14,2,2,70,29,True,"[[2, 70, 29], [2, 70, 29]]"
15,2,2,70,30,True,"[[2, 70, 30], [2, 70, 30]]"
16,2,2,70,31,True,"[[2, 70, 31], [2, 70, 31]]"
17,2,2,70,32,True,"[[2, 70, 32], [2, 70, 32]]"
18,2,2,70,33,True,"[[2, 70, 33], [2, 70, 33]]"
19,2,2,70,34,True,"[[2, 70, 34], [2, 70, 34]]"
20,2,2,81,15,True,"[[2, 81, 15], [2, 81, 15]]"
21,2,2,81,16,True,"[[2, 81, 16], [2, 81, 16]]"
22,2,2,81,17,True,"[[2, 81, 17], [2, 81, 17]]"
23,2,2,81,18,True,"[[2, 81, 18], [2, 81, 18]]"
24,2,2,81,19,True,"[[2, 81, 19], [2, 81, 19]]"
25,2,2,81,20,True,"[[2, 81, 20], [2, 81, 20]]"
26,2,2,81,21,True,"[[2, 81, 21], [2, 81, 21]]"
27,2,2,81,22,True,"[[2, 81, 22], [2, 81, 22]]"
28,2,2,81,23,True,"[[2, 81, 23], [2, 81, 23]]"
29,2,2,81,24,True,"[[2, 81, 24], [2, 81, 24]]"
30,2,2,81,25,True,"[[2, 81, 25], [2, 81, 25]]"
31,2,2,81,26,True,"[[2, 81, 26], [2, 81, 26]]"
32,2,2,81,27,True,"[[2, 81, 27], [2, 81, 27]]"
33,2,2,81,28,True,"[[2, 81, 28], [2, 81, 28]]"
34,2,2,81,29,True,"[[2, 81, 29], [2, 81, 29]]"
35,2,2,81,30,True,"[[2, 81, 30], [2, 81, 30]]"
36,2,2,81,31,True,"[[2, 81, 31], [2, 81, 31]]"
37,2,2,81,32,True,"[[2, 81, 32], [2, 81, 32]]"
38,2,2,81,33,True,"[[2, 81, 33], [2, 81, 33]]"
39,2,2,81,34,True,"[[2, 81, 34], [2, 81, 34]]"
40,2,2,81,35,True,"[[2, 81, 35], [2, 81, 35]]"
41,2,2,93,15,True,"[[2, 93, 15], [2, 93, 15]]"
42,2,2,93,16,True,"[[2, 93, 16], [2, 93, 16]]"
43,2,2,93,17,True,"[[2, 93, 17], [2, 93, 17]]"
44,2,2,93,18,True,"[[2, 93, 18], [2, 93, 18]]"
45,2,2,93,19,True,"[[2, 93, 19], [2, 93, 19]]"
46,2,2,93,20,True,"[[2, 93, 20], [2, 93, 20]]"
47,2,2,93,21,True,"[[2, 93, 21], [2, 93, 21]]"
48,2,2,93,22,True,"[[2, 93, 22], [2, 93, 22]]"
49,2,2,93,23,True,"[[2, 93, 23], [2, 93, 23]]"
50,2,2,93,24,True,"[[2, 93, 24], [2, 93, 24]]"
51,2,2,93,25,True,"[[2, 93, 25], [2, 93, 25]]"
52,2,2,93,26,True,"[[2, 93, 26], [2, 93, 26]]"
53,2,2,93,27,True,"[[2, 93, 27], [2, 93, 27]]"
54,2,2,93,28,True,"[[2, 93, 28], [2, 93, 28]]"
55,2,2,93,29,True,"[[2, 93, 29], [2, 93, 29]]"
56,2,2,93,30,True,"[[2, 93, 30], [2, 93, 30]]"
57,2,2,93,31,True,"[[2, 93, 31], [2, 93, 31]]"
58,2,2,93,32,True,"[[2, 93, 32], [2, 93, 32]]"
59,2,2,93,33,True,"[[2, 93, 33], [2, 93, 33]]"
60,2,2,93,34,True,"[[2, 93, 34], [2, 93, 34]]"
61,2,2,93,35,True,"[[2, 93, 35], [2, 93, 35]]"
62,2,2,105,15,True,"[[2, 105, 15], [2, 105, 15]]"
63,2,2,105,16,True,"[[2, 105, 16], [2, 105, 16]]"
64,2,2,105,17,True,"[[2, 105, 17], [2, 105, 17]]"
65,2,2,105,18,True,"[[2, 105, 18], [2, 105, 18]]"
66,2,2,105,19,True,"[[2, 105, 19], [2, 105, 19]]"
67,2,2,105,20,True,"[[2, 105, 20], [2, 105, 20]]"
68,2,2,105,21,True,"[[2, 105, 21], [2, 105, 21]]"
69,2,2,105,22,True,"[[2, 105, 22], [2, 105, 22]]"
70,2,2,105,23,True,"[[2, 105, 23], [2, 105, 23]]"
71,2,2,105,24,True,"[[2, 105, 24], [2, 105, 24]]"
72,2,2,105,25,True,"[[2, 105, 25], [2, 105, 25]]"
73,2,2,105,26,True,"[[2, 105, 26], [2, 105, 26]]"
74,2,2,105,27,True,"[[2, 105, 27], [2, 105, 27]]"
75,2,2,105,28,True,"[[2, 105, 28], [2, 105, 28]]"
76,2,2,105,29,True,"[[2, 105, 29], [2, 105, 29]]"
77,2,2,105,30,True,"[[2, 105, 30], [2, 105, 30]]"
78,2,2,105,31,True,"[[2, 105, 31], [2, 105, 31]]"
79,2,2,105,32,True,"[[2, 105, 32], [2, 105, 32]]"
80,2,2,105,33,True,"[[2, 105, 33], [2, 105, 33]]"
81,2,2,105,34,True,"[[2, 105, 34], [2, 105, 34]]"
82,2,2,105,35,True,"[[2, 105, 35], [2, 105, 35]]"
83,2,2,116,15,True,"[[2, 116, 15], [2, 116, 15]]"
84,2,2,116,16,True,"[[2, 116, 16], [2, 116, 16]]"
85,2,2,116,17,True,"[[2, 116, 17], [2, 116, 17]]"
86,2,2,116,18,True,"[[2, 116, 18], [2, 116, 18]]"
87,2,2,116,19,True,"[[2, 116, 19], [2, 116, 19]]"
88,2,2,116,20,True,"[[2, 116, 20], [2, 116, 20]]"
89,2,2,116,21,True,"[[2, 116, 21], [2, 116, 21]]"
90,2,2,116,22,True,"[[2, 116, 22], [2, 116, 22]]"
91,2,2,116,23,True,"[[2, 116, 23], [2, 116, 23]]"
92,2,2,116,24,True,"[[2, 116, 24], [2, 116, 24]]"
93,2,2,116,25,True,"[[2, 116, 25], [2, 116, 25]]"
94,2,2,116,26,True,"[[2, 116, 26], [2, 116, 26]]"
95,2,2,116,27,True,"[[2, 116, 27], [2, 116, 27]]"
96,2,2,116,28,True,"[[2, 116, 28], [2, 116, 28]]"
97,2,2,116,29,True,"[[2, 116, 29], [2, 116, 29]]"
98,2,2,116,30,True,"[[2, 116, 30], [2, 116, 30]]"
99,2,2,116,31,True,"[[2, 116, 31], [2, 116, 31]]"
100,2,2,116,32,True,"[[2, 116, 32], [2, 116, 32]]"
101,2,2,116,33,True,"[[2, 116, 33], [2, 116, 33]]"
102,2,2,116,34,True,"[[2, 116, 34], [2, 116, 34]]"
103,2,2,116,35,True,"[[2, 116, 35], [2, 116, 35]]"
104,2,2,128,15,True,"[[2, 128, 15], [2, 128, 15]]"
105,2,2,128,16,True,"[[2, 128, 16], [2, 128, 16]]"
106,2,2,128,17,True,"[[2, 128, 17], [2, 128, 17]]"
107,2,2,128,18,True,"[[2, 128, 18], [2, 128, 18]]"
108,2,2,128,19,True,"[[2, 128, 19], [2, 128, 19]]"
109,2,2,128,20,True,"[[2, 128, 20], [2, 128, 20]]"
110,2,2,128,21,True,"[[2, 128, 21], [2, 128, 21]]"
111,2,2,128,22,True,"[[2, 128, 22], [2, 128, 22]]"
112,2,2,128,23,True,"[[2, 128, 23], [2, 128, 23]]"
113,2,2,128,24,True,"[[2, 128, 24], [2, 128, 24]]"
114,2,2,128,25,True,"[[2, 128, 25], [2, 128, 25]]"
115,2,2,128,26,True,"[[2, 128, 26], [2, 128, 26]]"
116,2,2,128,27,True,"[[2, 128, 27], [2, 128, 27]]"
117,2,2,128,28,True,"[[2, 128, 28], [2, 128, 28]]"
118,2,2,128,29,True,"[[2, 128, 29], [2, 128, 29]]"
119,2,2,128,30,True,"[[2, 128, 30], [2, 128, 30]]"
120,2,2,128,31,True,"[[2, 128, 31], [2, 128, 31]]"
121,2,2,128,32,True,"[[2, 128, 32], [2, 128, 32]]"
122,2,2,128,33,True,"[[2, 128, 33], [2, 128, 33]]"
123,2,2,128,34,True,"[[2, 128, 34], [2, 128, 34]]"
124,2,2,128,35,True,"[[2, 128, 35], [2, 128, 35]]"
125,2,2,140,15,True,"[[2, 140, 15], [2, 140, 15]]"
126,2,2,140,16,True,"[[2, 140, 16], [2, 140, 16]]"
127,2,2,140,17,True,"[[2, 140, 17], [2, 140, 17]]"
128,2,2,140,18,True,"[[2, 140, 18], [2, 140, 18]]"
129,2,2,140,19,True,"[[2, 140, 19], [2, 140, 19]]"
130,2,2,140,20,True,"[[2, 140, 20], [2, 140, 20]]"
131,2,2,140,21,True,"[[2, 140, 21], [2, 140, 21]]"
132,2,2,140,22,True,"[[2, 140, 22], [2, 140, 22]]"
133,2,2,140,23,True,"[[2, 140, 23], [2, 140, 23]]"
134,2,2,140,24,True,"[[2, 140, 24], [2, 140, 24]]"
135,2,2,140,25,True,"[[2, 140, 25], [2, 140, 25]]"
136,2,2,140,26,True,"[[2, 140, 26], [2, 140, 26]]"
137,2,2,140,27,True,"[[2, 140, 27], [2, 140, 27]]"
138,2,2,140,28,True,"[[2, 140, 28], [2, 140, 28]]"
139,2,2,140,29,True,"[[2, 140, 29], [2, 140, 29]]"
140,2,2,140,30,True,"[[2, 140, 30], [2, 140, 30]]"
141,2,2,140,31,True,"[[2, 140, 31], [2, 140, 31]]"
142,2,2,140,32,True,"[[2, 140, 32], [2, 140, 32]]"
143,2,2,140,33,True,"[[2, 140, 33], [2, 140, 33]]"
144,2,2,140,34,True,"[[2, 140, 34], [2, 140, 34]]"
145,2,2,140,35,True,"[[2, 140, 35], [2, 140, 35]]"
146,2,3,70,15,True,"[[3, 70, 15], [3, 70, 15]]"
147,2,3,70,16,True,"[[3, 70, 16], [3, 70, 16]]"
148,2,3,70,17,True,"[[3, 70, 17], [3, 70, 17]]"
149,2,3,70,18,True,"[[3, 70, 18], [3, 70, 18]]"
150,2,3,70,19,True,"[[3, 70, 19], [3, 70, 19]]"
151,2,3,70,20,True,"[[3, 70, 20], [3, 70, 20]]"
152,2,3,70,21,True,"[[3, 70, 21], [3, 70, 21]]"
153,2,3,70,22,True,"[[3, 70, 22], [3, 70, 22]]"
154,2,3,70,23,True,"[[3, 70, 23], [3, 70, 23]]"
155,2,3,81,15,True,"[[3, 81, 15], [3, 81, 15]]"
156,2,3,81,16,True,"[[3, 81, 16], [3, 81, 16]]"
157,2,3,81,17,True,"[[3, 81, 17], [3, 81, 17]]"
158,2,3,81,18,True,"[[3, 81, 18], [3, 81, 18]]"
159,2,3,81,19,True,"[[3, 81, 19], [3, 81, 19]]"
160,2,3,81,20,True,"[[3, 81, 20], [3, 81, 20]]"
161,2,3,81,21,True,"[[3, 81, 21], [3, 81, 21]]"
162,2,3,81,22,True,"[[3, 81, 22], [3, 81, 22]]"
163,2,3,81,23,True,"[[3, 81, 23], [3, 81, 23]]"
164,2,3,81,24,True,"[[3, 81, 24], [3, 81, 24]]"
165,2,3,81,25,True,"[[3, 81, 25], [3, 81, 25]]"
166,2,3,81,26,True,"[[3, 81, 26], [3, 81, 26]]"
167,2,3,93,15,True,"[[3, 93, 15], [3, 93, 15]]"
168,2,3,93,16,True,"[[3, 93, 16], [3, 93, 16]]"
169,2,3,93,17,True,"[[3, 93, 17], [3, 93, 17]]"
170,2,3,93,18,True,"[[3, 93, 18], [3, 93, 18]]"
171,2,3,93,19,True,"[[3, 93, 19], [3, 93, 19]]"
172,2,3,93,20,True,"[[3, 93, 20], [3, 93, 20]]"
173,2,3,93,21,True,"[[3, 93, 21], [3, 93, 21]]"
174,2,3,93,22,True,"[[3, 93, 22], [3, 93, 22]]"
175,2,3,93,23,True,"[[3, 93, 23], [3, 93, 23]]"
176,2,3,93,24,True,"[[3, 93, 24], [3, 93, 24]]"
177,2,3,93,25,True,"[[3, 93, 25], [3, 93, 25]]"
178,2,3,93,26,True,"[[3, 93, 26], [3, 93, 26]]"
179,2,3,93,27,True,"[[3, 93, 27], [3, 93, 27]]"
180,2,3,93,28,True,"[[3, 93, 28], [3, 93, 28]]"
181,2,3,93,29,True,"[[3, 93, 29], [3, 93, 29]]"
182,2,3,93,30,True,"[[3, 93, 30], [3, 93, 30]]"
183,2,3,105,15,True,"[[3, 105, 15], [3, 105, 15]]"
184,2,3,105,16,True,"[[3, 105, 16], [3, 105, 16]]"
185,2,3,105,17,True,"[[3, 105, 17], [3, 105, 17]]"
186,2,3,105,18,True,"[[3, 105, 18], [3, 105, 18]]"
187,2,3,105,19,True,"[[3, 105, 19], [3, 105, 19]]"
188,2,3,105,20,True,"[[3, 105, 20], [3, 105, 20]]"
189,2,3,105,21,True,"[[3, 105, 21], [3, 105, 21]]"
190,2,3,105,22,True,"[[3, 105, 22], [3, 105, 22]]"
191,2,3,105,23,True,"[[3, 105, 23], [3, 105, 23]]"
192,2,3,105,24,True,"[[3, 105, 24], [3, 105, 24]]"
193,2,3,105,25,True,"[[3, 105, 25], [3, 105, 25]]"
194,2,3,105,26,True,"[[3, 105, 26], [3, 105, 26]]"
195,2,3,105,27,True,"[[3, 105, 27], [3, 105, 27]]"
196,2,3,105,28,True,"[[3, 105, 28], [3, 105, 28]]"
197,2,3,105,29,True,"[[3, 105, 29], [3, 105, 29]]"
198,2,3,105,30,True,"[[3, 105, 30], [3, 105, 30]]"
199,2,3,105,31,True,"[[3, 105, 31], [3, 105, 31]]"
200,2,3,105,32,True,"[[3, 105, 32], [3, 105, 32]]"
201,2,3,105,33,True,"[[3, 105, 33], [3, 105, 33]]"
202,2,3,105,34,True,"[[3, 105, 34], [3, 105, 34]]"
203,2,3,116,15,True,"[[3, 116, 15], [3, 116, 15]]"
204,2,3,116,16,True,"[[3, 116, 16], [3, 116, 16]]"
205,2,3,116,17,True,"[[3, 116, 17], [3, 116, 17]]"
206,2,3,116,18,True,"[[3, 116, 18], [3, 116, 18]]"
207,2,3,116,19,True,"[[3, 116, 19], [3, 116, 19]]"
208,2,3,116,20,True,"[[3, 116, 20], [3, 116, 20]]"
209,2,3,116,21,True,"[[3, 116, 21], [3, 116, 21]]"
210,2,3,116,22,True,"[[3, 116, 22], [3, 116, 22]]"
211,2,3,116,23,True,"[[3, 116, 23], [3, 116, 23]]"
212,2,3,116,24,True,"[[3, 116, 24], [3, 116, 24]]"
213,2,3,116,25,True,"[[3, 116, 25], [3, 116, 25]]"
214,2,3,116,26,True,"[[3, 116, 26], [3, 116, 26]]"
215,2,3,116,27,True,"[[3, 116, 27], [3, 116, 27]]"
216,2,3,116,28,True,"[[3, 116, 28], [3, 116, 28]]"
217,2,3,116,29,True,"[[3, 116, 29], [3, 116, 29]]"
218,2,3,116,30,True,"[[3, 116, 30], [3, 116, 30]]"
219,2,3,116,31,True,"[[3, 116, 31], [3, 116, 31]]"
220,2,3,116,32,True,"[[3, 116, 32], [3, 116, 32]]"
221,2,3,116,33,True,"[[3, 116, 33], [3, 116, 33]]"
222,2,3,116,34,True,"[[3, 116, 34], [3, 116, 34]]"
223,2,3,116,35,True,"[[3, 116, 35], [3, 116, 35]]"
224,2,3,128,15,True,"[[3, 128, 15], [3, 128, 15]]"
225,2,3,128,16,True,"[[3, 128, 16], [3, 128, 16]]"
226,2,3,128,17,True,"[[3, 128, 17], [3, 128, 17]]"
227,2,3,128,18,True,"[[3, 128, 18], [3, 128, 18]]"
228,2,3,128,19,True,"[[3, 128, 19], [3, 128, 19]]"
229,2,3,128,20,True,"[[3, 128, 20], [3, 128, 20]]"
230,2,3,128,21,True,"[[3, 128, 21], [3, 128, 21]]"
231,2,3,128,22,True,"[[3, 128, 22], [3, 128, 22]]"
232,2,3,128,23,True,"[[3, 128, 23], [3, 128, 23]]"
233,2,3,128,24,True,"[[3, 128, 24], [3, 128, 24]]"
234,2,3,128,25,True,"[[3, 128, 25], [3, 128, 25]]"
235,2,3,128,26,True,"[[3, 128, 26], [3, 128, 26]]"
236,2,3,128,27,True,"[[3, 128, 27], [3, 128, 27]]"
237,2,3,128,28,True,"[[3, 128, 28], [3, 128, 28]]"
238,2,3,128,29,True,"[[3, 128, 29], [3, 128, 29]]"
239,2,3,128,30,True,"[[3, 128, 30], [3, 128, 30]]"
240,2,3,128,31,True,"[[3, 128, 31], [3, 128, 31]]"
241,2,3,128,32,True,"[[3, 128, 32], [3, 128, 32]]"
242,2,3,128,33,True,"[[3, 128, 33], [3, 128, 33]]"
243,2,3,128,34,True,"[[3, 128, 34], [3, 128, 34]]"
244,2,3,128,35,True,"[[3, 128, 35], [3, 128, 35]]"
245,2,3,140,15,True,"[[3, 140, 15], [3, 140, 15]]"
246,2,3,140,16,True,"[[3, 140, 16], [3, 140, 16]]"
247,2,3,140,17,True,"[[3, 140, 17], [3, 140, 17]]"
248,2,3,140,18,True,"[[3, 140, 18], [3, 140, 18]]"
249,2,3,140,19,True,"[[3, 140, 19], [3, 140, 19]]"
250,2,3,140,20,True,"[[3, 140, 20], [3, 140, 20]]"
251,2,3,140,21,True,"[[3, 140, 21], [3, 140, 21]]"
252,2,3,140,22,True,"[[3, 140, 22], [3, 140, 22]]"
253,2,3,140,23,True,"[[3, 140, 23], [3, 140, 23]]"
254,2,3,140,24,True,"[[3, 140, 24], [3, 140, 24]]"
255,2,3,140,25,True,"[[3, 140, 25], [3, 140, 25]]"
256,2,3,140,26,True,"[[3, 140, 26], [3, 140, 26]]"
257,2,3,140,27,True,"[[3, 140, 27], [3, 140, 27]]"
258,2,3,140,28,True,"[[3, 140, 28], [3, 140, 28]]"
259,2,3,140,29,True,"[[3, 140, 29], [3, 140, 29]]"
260,2,3,140,30,True,"[[3, 140, 30], [3, 140, 30]]"
261,2,3,140,31,True,"[[3, 140, 31], [3, 140, 31]]"
262,2,3,140,32,True,"[[3, 140, 32], [3, 140, 32]]"
263,2,3,140,33,True,"[[3, 140, 33], [3, 140, 33]]"
264,2,3,140,34,True,"[[3, 140, 34], [3, 140, 34]]"
265,2,3,140,35,True,"[[3, 140, 35], [3, 140, 35]]"
266,2,4,70,15,True,"[[4, 70, 15], [4, 70, 15]]"
267,2,4,70,16,True,"[[4, 70, 16], [4, 70, 16]]"
268,2,4,70,17,True,"[[4, 70, 17], [4, 70, 17]]"
269,2,4,81,15,True,"[[4, 81, 15], [4, 81, 15]]"
270,2,4,81,16,True,"[[4, 81, 16], [4, 81, 16]]"
271,2,4,81,17,True,"[[4, 81, 17], [4, 81, 17]]"
272,2,4,81,18,True,"[[4, 81, 18], [4, 81, 18]]"
273,2,4,81,19,True,"[[4, 81, 19], [4, 81, 19]]"
274,2,4,81,20,True,"[[4, 81, 20], [4, 81, 20]]"
275,2,4,93,15,True,"[[4, 93, 15], [4, 93, 15]]"
276,2,4,93,16,True,"[[4, 93, 16], [4, 93, 16]]"
277,2,4,93,17,True,"[[4, 93, 17], [4, 93, 17]]"
278,2,4,93,18,True,"[[4, 93, 18], [4, 93, 18]]"
279,2,4,93,19,True,"[[4, 93, 19], [4, 93, 19]]"
280,2,4,93,20,True,"[[4, 93, 20], [4, 93, 20]]"
281,2,4,93,21,True,"[[4, 93, 21], [4, 93, 21]]"
282,2,4,93,22,True,"[[4, 93, 22], [4, 93, 22]]"
283,2,4,93,23,True,"[[4, 93, 23], [4, 93, 23]]"
284,2,4,105,15,True,"[[4, 105, 15], [4, 105, 15]]"
285,2,4,105,16,True,"[[4, 105, 16], [4, 105, 16]]"
286,2,4,105,17,True,"[[4, 105, 17], [4, 105, 17]]"
287,2,4,105,18,True,"[[4, 105, 18], [4, 105, 18]]"
288,2,4,105,19,True,"[[4, 105, 19], [4, 105, 19]]"
289,2,4,105,20,True,"[[4, 105, 20], [4, 105, 20]]"
290,2,4,105,21,True,"[[4, 105, 21], [4, 105, 21]]"
291,2,4,105,22,True,"[[4, 105, 22], [4, 105, 22]]"
292,2,4,105,23,True,"[[4, 105, 23], [4, 105, 23]]"
293,2,4,105,24,True,"[[4, 105, 24], [4, 105, 24]]"
294,2,4,105,25,True,"[[4, 105, 25], [4, 105, 25]]"
295,2,4,105,26,True,"[[4, 105, 26], [4, 105, 26]]"
296,2,4,116,15,True,"[[4, 116, 15], [4, 116, 15]]"
297,2,4,116,16,True,"[[4, 116, 16], [4, 116, 16]]"
298,2,4,116,17,True,"[[4, 116, 17], [4, 116, 17]]"
299,2,4,116,18,True,"[[4, 116, 18], [4, 116, 18]]"
300,2,4,116,19,True,"[[4, 116, 19], [4, 116, 19]]"
301,2,4,116,20,True,"[[4, 116, 20], [4, 116, 20]]"
302,2,4,116,21,True,"[[4, 116, 21], [4, 116, 21]]"
303,2,4,116,22,True,"[[4, 116, 22], [4, 116, 22]]"
304,2,4,116,23,True,"[[4, 116, 23], [4, 116, 23]]"
305,2,4,116,24,True,"[[4, 116, 24], [4, 116, 24]]"
306,2,4,116,25,True,"[[4, 116, 25], [4, 116, 25]]"
307,2,4,116,26,True,"[[4, 116, 26], [4, 116, 26]]"
308,2,4,116,27,True,"[[4, 116, 27], [4, 116, 27]]"
309,2,4,116,28,True,"[[4, 116, 28], [4, 116, 28]]"
310,2,4,128,15,True,"[[4, 128, 15], [4, 128, 15]]"
311,2,4,128,16,True,"[[4, 128, 16], [4, 128, 16]]"
312,2,4,128,17,True,"[[4, 128, 17], [4, 128, 17]]"
313,2,4,128,18,True,"[[4, 128, 18], [4, 128, 18]]"
314,2,4,128,19,True,"[[4, 128, 19], [4, 128, 19]]"
315,2,4,128,20,True,"[[4, 128, 20], [4, 128, 20]]"
316,2,4,128,21,True,"[[4, 128, 21], [4, 128, 21]]"
317,2,4,128,22,True,"[[4, 128, 22], [4, 128, 22]]"
318,2,4,128,23,True,"[[4, 128, 23], [4, 128, 23]]"
319,2,4,128,24,True,"[[4, 128, 24], [4, 128, 24]]"
320,2,4,128,25,True,"[[4, 128, 25], [4, 128, 25]]"
321,2,4,128,26,True,"[[4, 128, 26], [4, 128, 26]]"
322,2,4,128,27,True,"[[4, 128, 27], [4, 128, 27]]"
323,2,4,128,28,True,"[[4, 128, 28], [4, 128, 28]]"
324,2,4,128,29,True,"[[4, 128, 29], [4, 128, 29]]"
325,2,4,128,30,True,"[[4, 128, 30], [4, 128, 30]]"
326,2,4,128,31,True,"[[4, 128, 31], [4, 128, 31]]"
327,2,4,140,15,True,"[[4, 140, 15], [4, 140, 15]]"
328,2,4,140,16,True,"[[4, 140, 16], [4, 140, 16]]"
329,2,4,140,17,True,"[[4, 140, 17], [4, 140, 17]]"
330,2,4,140,18,True,"[[4, 140, 18], [4, 140, 18]]"
331,2,4,140,19,True,"[[4, 140, 19], [4, 140, 19]]"
332,2,4,140,20,True,"[[4, 140, 20], [4, 140, 20]]"
333,2,4,140,21,True,"[[4, 140, 21], [4, 140, 21]]"
334,2,4,140,22,True,"[[4, 140, 22], [4, 140, 22]]"
335,2,4,140,23,True,"[[4, 140, 23], [4, 140, 23]]"
336,2,4,140,24,True,"[[4, 140, 24], [4, 140, 24]]"
337,2,4,140,25,True,"[[4, 140, 25], [4, 140, 25]]"
338,2,4,140,26,True,"[[4, 140, 26], [4, 140, 26]]"
339,2,4,140,27,True,"[[4, 140, 27], [4, 140, 27]]"
340,2,4,140,28,True,"[[4, 140, 28], [4, 140, 28]]"
341,2,4,140,29,True,"[[4, 140, 29], [4, 140, 29]]"
342,2,4,140,30,True,"[[4, 140, 30], [4, 140, 30]]"
343,2,4,140,31,True,"[[4, 140, 31], [4, 140, 31]]"
344,2,4,140,32,True,"[[4, 140, 32], [4, 140, 32]]"
345,2,4,140,33,True,"[[4, 140, 33], [4, 140, 33]]"
346,2,4,140,34,True,"[[4, 140, 34], [4, 140, 34]]"
347,3,2,70,15,True,"[[2, 70, 15], [2, 70, 15], [2, 70, 15]]"
348,3,2,70,16,True,"[[2, 70, 16], [2, 70, 16], [2, 70, 16]]"
349,3,2,70,17,True,"[[2, 70, 17], [2, 70, 17], [2, 70, 17]]"
350,3,2,70,18,True,"[[2, 70, 18], [2, 70, 18], [2, 70, 18]]"
351,3,2,70,19,True,"[[2, 70, 19], [2, 70, 19], [2, 70, 19]]"
352,3,2,70,20,True,"[[2, 70, 20], [2, 70, 20], [2, 70, 20]]"
353,3,2,70,21,True,"[[2, 70, 21], [2, 70, 21], [2, 70, 21]]"
354,3,2,70,22,True,"[[2, 70, 22], [2, 70, 22], [2, 70, 22]]"
355,3,2,70,23,True,"[[2, 70, 23], [2, 70, 23], [2, 70, 23]]"
356,3,2,70,24,True,"[[2, 70, 24], [2, 70, 24], [2, 70, 24]]"
357,3,2,70,25,True,"[[2, 70, 25], [2, 70, 25], [2, 70, 25]]"
358,3,2,70,26,True,"[[2, 70, 26], [2, 70, 26], [2, 70, 26]]"
359,3,2,70,27,True,"[[2, 70, 27], [2, 70, 27], [2, 70, 27]]"
360,3,2,70,28,True,"[[2, 70, 28], [2, 70, 28], [2, 70, 28]]"
361,3,2,70,29,True,"[[2, 70, 29], [2, 70, 29], [2, 70, 29]]"
362,3,2,70,30,True,"[[2, 70, 30], [2, 70, 30], [2, 70, 30]]"
363,3,2,70,31,True,"[[2, 70, 31], [2, 70, 31], [2, 70, 31]]"
364,3,2,70,32,True,"[[2, 70, 32], [2, 70, 32], [2, 70, 32]]"
365,3,2,70,33,True,"[[2, 70, 33], [2, 70, 33], [2, 70, 33]]"
366,3,2,70,34,True,"[[2, 70, 34], [2, 70, 34], [2, 70, 34]]"
367,3,2,81,15,True,"[[2, 81, 15], [2, 81, 15], [2, 81, 15]]"
368,3,2,81,16,True,"[[2, 81, 16], [2, 81, 16], [2, 81, 16]]"
369,3,2,81,17,True,"[[2, 81, 17], [2, 81, 17], [2, 81, 17]]"
370,3,2,81,18,True,"[[2, 81, 18], [2, 81, 18], [2, 81, 18]]"
371,3,2,81,19,True,"[[2, 81, 19], [2, 81, 19], [2, 81, 19]]"
372,3,2,81,20,True,"[[2, 81, 20], [2, 81, 20], [2, 81, 20]]"
373,3,2,81,21,True,"[[2, 81, 21], [2, 81, 21], [2, 81, 21]]"
374,3,2,81,22,True,"[[2, 81, 22], [2, 81, 22], [2, 81, 22]]"
375,3,2,81,23,True,"[[2, 81, 23], [2, 81, 23], [2, 81, 23]]"
376,3,2,81,24,True,"[[2, 81, 24], [2, 81, 24], [2, 81, 24]]"
377,3,2,81,25,True,"[[2, 81, 25], [2, 81, 25], [2, 81, 25]]"
378,3,2,81,26,True,"[[2, 81, 26], [2, 81, 26], [2, 81, 26]]"
379,3,2,81,27,True,"[[2, 81, 27], [2, 81, 27], [2, 81, 27]]"
380,3,2,81,28,True,"[[2, 81, 28], [2, 81, 28], [2, 81, 28]]"
381,3,2,81,29,True,"[[2, 81, 29], [2, 81, 29], [2, 81, 29]]"
382,3,2,81,30,True,"[[2, 81, 30], [2, 81, 30], [2, 81, 30]]"
383,3,2,81,31,True,"[[2, 81, 31], [2, 81, 31], [2, 81, 31]]"
384,3,2,81,32,True,"[[2, 81, 32], [2, 81, 32], [2, 81, 32]]"
385,3,2,81,33,True,"[[2, 81, 33], [2, 81, 33], [2, 81, 33]]"
386,3,2,81,34,True,"[[2, 81, 34], [2, 81, 34], [2, 81, 34]]"
387,3,2,81,35,True,"[[2, 81, 35], [2, 81, 35], [2, 81, 35]]"
388,3,2,93,15,True,"[[2, 93, 15], [2, 93, 15], [2, 93, 15]]"
389,3,2,93,16,True,"[[2, 93, 16], [2, 93, 16], [2, 93, 16]]"
390,3,2,93,17,True,"[[2, 93, 17], [2, 93, 17], [2, 93, 17]]"
391,3,2,93,18,True,"[[2, 93, 18], [2, 93, 18], [2, 93, 18]]"
392,3,2,93,19,True,"[[2, 93, 19], [2, 93, 19], [2, 93, 19]]"
393,3,2,93,20,True,"[[2, 93, 20], [2, 93, 20], [2, 93, 20]]"
394,3,2,93,21,True,"[[2, 93, 21], [2, 93, 21], [2, 93, 21]]"
395,3,2,93,22,True,"[[2, 93, 22], [2, 93, 22], [2, 93, 22]]"
396,3,2,93,23,True,"[[2, 93, 23], [2, 93, 23], [2, 93, 23]]"
397,3,2,93,24,True,"[[2, 93, 24], [2, 93, 24], [2, 93, 24]]"
398,3,2,93,25,True,"[[2, 93, 25], [2, 93, 25], [2, 93, 25]]"
399,3,2,93,26,True,"[[2, 93, 26], [2, 93, 26], [2, 93, 26]]"
400,3,2,93,27,True,"[[2, 93, 27], [2, 93, 27], [2, 93, 27]]"
401,3,2,93,28,True,"[[2, 93, 28], [2, 93, 28], [2, 93, 28]]"
402,3,2,93,29,True,"[[2, 93, 29], [2, 93, 29], [2, 93, 29]]"
403,3,2,93,30,True,"[[2, 93, 30], [2, 93, 30], [2, 93, 30]]"
404,3,2,93,31,True,"[[2, 93, 31], [2, 93, 31], [2, 93, 31]]"
405,3,2,93,32,True,"[[2, 93, 32], [2, 93, 32], [2, 93, 32]]"
406,3,2,93,33,True,"[[2, 93, 33], [2, 93, 33], [2, 93, 33]]"
407,3,2,93,34,True,"[[2, 93, 34], [2, 93, 34], [2, 93, 34]]"
408,3,2,93,35,True,"[[2, 93, 35], [2, 93, 35], [2, 93, 35]]"
409,3,2,105,15,True,"[[2, 105, 15], [2, 105, 15], [2, 105, 15]]"
410,3,2,105,16,True,"[[2, 105, 16], [2, 105, 16], [2, 105, 16]]"
411,3,2,105,17,True,"[[2, 105, 17], [2, 105, 17], [2, 105, 17]]"
412,3,2,105,18,True,"[[2, 105, 18], [2, 105, 18], [2, 105, 18]]"
413,3,2,105,19,True,"[[2, 105, 19], [2, 105, 19], [2, 105, 19]]"
414,3,2,105,20,True,"[[2, 105, 20], [2, 105, 20], [2, 105, 20]]"
415,3,2,105,21,True,"[[2, 105, 21], [2, 105, 21], [2, 105, 21]]"
416,3,2,105,22,True,"[[2, 105, 22], [2, 105, 22], [2, 105, 22]]"
417,3,2,105,23,True,"[[2, 105, 23], [2, 105, 23], [2, 105, 23]]"
418,3,2,105,24,True,"[[2, 105, 24], [2, 105, 24], [2, 105, 24]]"
419,3,2,105,25,True,"[[2, 105, 25], [2, 105, 25], [2, 105, 25]]"
420,3,2,105,26,True,"[[2, 105, 26], [2, 105, 26], [2, 105, 26]]"
421,3,2,105,27,True,"[[2, 105, 27], [2, 105, 27], [2, 105, 27]]"
422,3,2,105,28,True,"[[2, 105, 28], [2, 105, 28], [2, 105, 28]]"
423,3,2,105,29,True,"[[2, 105, 29], [2, 105, 29], [2, 105, 29]]"
424,3,2,105,30,True,"[[2, 105, 30], [2, 105, 30], [2, 105, 30]]"
425,3,2,105,31,True,"[[2, 105, 31], [2, 105, 31], [2, 105, 31]]"
426,3,2,105,32,True,"[[2, 105, 32], [2, 105, 32], [2, 105, 32]]"
427,3,2,105,33,True,"[[2, 105, 33], [2, 105, 33], [2, 105, 33]]"
428,3,2,105,34,True,"[[2, 105, 34], [2, 105, 34], [2, 105, 34]]"
429,3,2,105,35,True,"[[2, 105, 35], [2, 105, 35], [2, 105, 35]]"
430,3,2,116,15,True,"[[2, 116, 15], [2, 116, 15], [2, 116, 15]]"
431,3,2,116,16,True,"[[2, 116, 16], [2, 116, 16], [2, 116, 16]]"
432,3,2,116,17,True,"[[2, 116, 17], [2, 116, 17], [2, 116, 17]]"
433,3,2,116,18,True,"[[2, 116, 18], [2, 116, 18], [2, 116, 18]]"
434,3,2,116,19,True,"[[2, 116, 19], [2, 116, 19], [2, 116, 19]]"
435,3,2,116,20,True,"[[2, 116, 20], [2, 116, 20], [2, 116, 20]]"
436,3,2,116,21,True,"[[2, 116, 21], [2, 116, 21], [2, 116, 21]]"
437,3,2,116,22,True,"[[2, 116, 22], [2, 116, 22], [2, 116, 22]]"
438,3,2,116,23,True,"[[2, 116, 23], [2, 116, 23], [2, 116, 23]]"
439,3,2,116,24,True,"[[2, 116, 24], [2, 116, 24], [2, 116, 24]]"
440,3,2,116,25,True,"[[2, 116, 25], [2, 116, 25], [2, 116, 25]]"
441,3,2,116,26,True,"[[2, 116, 26], [2, 116, 26], [2, 116, 26]]"
442,3,2,116,27,True,"[[2, 116, 27], [2, 116, 27], [2, 116, 27]]"
443,3,2,116,28,True,"[[2, 116, 28], [2, 116, 28], [2, 116, 28]]"
444,3,2,116,29,True,"[[2, 116, 29], [2, 116, 29], [2, 116, 29]]"
445,3,2,116,30,True,"[[2, 116, 30], [2, 116, 30], [2, 116, 30]]"
446,3,2,116,31,True,"[[2, 116, 31], [2, 116, 31], [2, 116, 31]]"
447,3,2,116,32,True,"[[2, 116, 32], [2, 116, 32], [2, 116, 32]]"
448,3,2,116,33,True,"[[2, 116, 33], [2, 116, 33], [2, 116, 33]]"
449,3,2,116,34,True,"[[2, 116, 34], [2, 116, 34], [2, 116, 34]]"
450,3,2,116,35,True,"[[2, 116, 35], [2, 116, 35], [2, 116, 35]]"
451,3,2,128,15,True,"[[2, 128, 15], [2, 128, 15], [2, 128, 15]]"
452,3,2,128,16,True,"[[2, 128, 16], [2, 128, 16], [2, 128, 16]]"
453,3,2,128,17,True,"[[2, 128, 17], [2, 128, 17], [2, 128, 17]]"
454,3,2,128,18,True,"[[2, 128, 18], [2, 128, 18], [2, 128, 18]]"
455,3,2,128,19,True,"[[2, 128, 19], [2, 128, 19], [2, 128, 19]]"
456,3,2,128,20,True,"[[2, 128, 20], [2, 128, 20], [2, 128, 20]]"
457,3,2,128,21,True,"[[2, 128, 21], [2, 128, 21], [2, 128, 21]]"
458,3,2,128,22,True,"[[2, 128, 22], [2, 128, 22], [2, 128, 22]]"
459,3,2,128,23,True,"[[2, 128, 23], [2, 128, 23], [2, 128, 23]]"
460,3,2,128,24,True,"[[2, 128, 24], [2, 128, 24], [2, 128, 24]]"
461,3,2,128,25,True,"[[2, 128, 25], [2, 128, 25], [2, 128, 25]]"
462,3,2,128,26,True,"[[2, 128, 26], [2, 128, 26], [2, 128, 26]]"
463,3,2,128,27,True,"[[2, 128, 27], [2, 128, 27], [2, 128, 27]]"
464,3,2,128,28,True,"[[2, 128, 28], [2, 128, 28], [2, 128, 28]]"
465,3,2,128,29,True,"[[2, 128, 29], [2, 128, 29], [2, 128, 29]]"
466,3,2,128,30,True,"[[2, 128, 30], [2, 128, 30], [2, 128, 30]]"
467,3,2,128,31,True,"[[2, 128, 31], [2, 128, 31], [2, 128, 31]]"
468,3,2,128,32,True,"[[2, 128, 32], [2, 128, 32], [2, 128, 32]]"
469,3,2,128,33,True,"[[2, 128, 33], [2, 128, 33], [2, 128, 33]]"
470,3,2,128,34,True,"[[2, 128, 34], [2, 128, 34], [2, 128, 34]]"
471,3,2,128,35,True,"[[2, 128, 35], [2, 128, 35], [2, 128, 35]]"
472,3,2,140,15,True,"[[2, 140, 15], [2, 140, 15], [2, 140, 15]]"
473,3,2,140,16,True,"[[2, 140, 16], [2, 140, 16], [2, 140, 16]]"
474,3,2,140,17,True,"[[2, 140, 17], [2, 140, 17], [2, 140, 17]]"
475,3,2,140,18,True,"[[2, 140, 18], [2, 140, 18], [2, 140, 18]]"
476,3,2,140,19,True,"[[2, 140, 19], [2, 140, 19], [2, 140, 19]]"
477,3,2,140,20,True,"[[2, 140, 20], [2, 140, 20], [2, 140, 20]]"
478,3,2,140,21,True,"[[2, 140, 21], [2, 140, 21], [2, 140, 21]]"
479,3,2,140,22,True,"[[2, 140, 22], [2, 140, 22], [2, 140, 22]]"
480,3,2,140,23,True,"[[2, 140, 23], [2, 140, 23], [2, 140, 23]]"
481,3,2,140,24,True,"[[2, 140, 24], [2, 140, 24], [2, 140, 24]]"
482,3,2,140,25,True,"[[2, 140, 25], [2, 140, 25], [2, 140, 25]]"
483,3,2,140,26,True,"[[2, 140, 26], [2, 140, 26], [2, 140, 26]]"
484,3,2,140,27,True,"[[2, 140, 27], [2, 140, 27], [2, 140, 27]]"
485,3,2,140,28,True,"[[2, 140, 28], [2, 140, 28], [2, 140, 28]]"
486,3,2,140,29,True,"[[2, 140, 29], [2, 140, 29], [2, 140, 29]]"
487,3,2,140,30,True,"[[2, 140, 30], [2, 140, 30], [2, 140, 30]]"
488,3,2,140,31,True,"[[2, 140, 31], [2, 140, 31], [2, 140, 31]]"
489,3,2,140,32,True,"[[2, 140, 32], [2, 140, 32], [2, 140, 32]]"
490,3,2,140,33,True,"[[2, 140, 33], [2, 140, 33], [2, 140, 33]]"
491,3,2,140,34,True,"[[2, 140, 34], [2, 140, 34], [2, 140, 34]]"
492,3,2,140,35,True,"[[2, 140, 35], [2, 140, 35], [2, 140, 35]]"
493,3,3,70,15,True,"[[3, 70, 15], [3, 70, 15], [3, 70, 15]]"
494,3,3,70,16,True,"[[3, 70, 16], [3, 70, 16], [3, 70, 16]]"
495,3,3,70,17,True,"[[3, 70, 17], [3, 70, 17], [3, 70, 17]]"
496,3,3,70,18,True,"[[3, 70, 18], [3, 70, 18], [3, 70, 18]]"
497,3,3,70,19,True,"[[3, 70, 19], [3, 70, 19], [3, 70, 19]]"
498,3,3,70,20,True,"[[3, 70, 20], [3, 70, 20], [3, 70, 20]]"
499,3,3,70,21,True,"[[3, 70, 21], [3, 70, 21], [3, 70, 21]]"
500,3,3,70,22,True,"[[3, 70, 22], [3, 70, 22], [3, 70, 22]]"
501,3,3,70,23,True,"[[3, 70, 23], [3, 70, 23], [3, 70, 23]]"
502,3,3,81,15,True,"[[3, 81, 15], [3, 81, 15], [3, 81, 15]]"
503,3,3,81,16,True,"[[3, 81, 16], [3, 81, 16], [3, 81, 16]]"
504,3,3,81,17,True,"[[3, 81, 17], [3, 81, 17], [3, 81, 17]]"
505,3,3,81,18,True,"[[3, 81, 18], [3, 81, 18], [3, 81, 18]]"
506,3,3,81,19,True,"[[3, 81, 19], [3, 81, 19], [3, 81, 19]]"
507,3,3,81,20,True,"[[3, 81, 20], [3, 81, 20], [3, 81, 20]]"
508,3,3,81,21,True,"[[3, 81, 21], [3, 81, 21], [3, 81, 21]]"
509,3,3,81,22,True,"[[3, 81, 22], [3, 81, 22], [3, 81, 22]]"
510,3,3,81,23,True,"[[3, 81, 23], [3, 81, 23], [3, 81, 23]]"
511,3,3,81,24,True,"[[3, 81, 24], [3, 81, 24], [3, 81, 24]]"
512,3,3,81,25,True,"[[3, 81, 25], [3, 81, 25], [3, 81, 25]]"
513,3,3,81,26,True,"[[3, 81, 26], [3, 81, 26], [3, 81, 26]]"
514,3,3,93,15,True,"[[3, 93, 15], [3, 93, 15], [3, 93, 15]]"
515,3,3,93,16,True,"[[3, 93, 16], [3, 93, 16], [3, 93, 16]]"
516,3,3,93,17,True,"[[3, 93, 17], [3, 93, 17], [3, 93, 17]]"
517,3,3,93,18,True,"[[3, 93, 18], [3, 93, 18], [3, 93, 18]]"
518,3,3,93,19,True,"[[3, 93, 19], [3, 93, 19], [3, 93, 19]]"
519,3,3,93,20,True,"[[3, 93, 20], [3, 93, 20], [3, 93, 20]]"
520,3,3,93,21,True,"[[3, 93, 21], [3, 93, 21], [3, 93, 21]]"
521,3,3,93,22,True,"[[3, 93, 22], [3, 93, 22], [3, 93, 22]]"
522,3,3,93,23,True,"[[3, 93, 23], [3, 93, 23], [3, 93, 23]]"
523,3,3,93,24,True,"[[3, 93, 24], [3, 93, 24], [3, 93, 24]]"
524,3,3,93,25,True,"[[3, 93, 25], [3, 93, 25], [3, 93, 25]]"
525,3,3,93,26,True,"[[3, 93, 26], [3, 93, 26], [3, 93, 26]]"
526,3,3,93,27,True,"[[3, 93, 27], [3, 93, 27], [3, 93, 27]]"
527,3,3,93,28,True,"[[3, 93, 28], [3, 93, 28], [3, 93, 28]]"
528,3,3,93,29,True,"[[3, 93, 29], [3, 93, 29], [3, 93, 29]]"
529,3,3,93,30,True,"[[3, 93, 30], [3, 93, 30], [3, 93, 30]]"
530,3,3,105,15,True,"[[3, 105, 15], [3, 105, 15], [3, 105, 15]]"
531,3,3,105,16,True,"[[3, 105, 16], [3, 105, 16], [3, 105, 16]]"
532,3,3,105,17,True,"[[3, 105, 17], [3, 105, 17], [3, 105, 17]]"
533,3,3,105,18,True,"[[3, 105, 18], [3, 105, 18], [3, 105, 18]]"
534,3,3,105,19,True,"[[3, 105, 19], [3, 105, 19], [3, 105, 19]]"
535,3,3,105,20,True,"[[3, 105, 20], [3, 105, 20], [3, 105, 20]]"
536,3,3,105,21,True,"[[3, 105, 21], [3, 105, 21], [3, 105, 21]]"
537,3,3,105,22,True,"[[3, 105, 22], [3, 105, 22], [3, 105, 22]]"
538,3,3,105,23,True,"[[3, 105, 23], [3, 105, 23], [3, 105, 23]]"
539,3,3,105,24,True,"[[3, 105, 24], [3, 105, 24], [3, 105, 24]]"
540,3,3,105,25,True,"[[3, 105, 25], [3, 105, 25], [3, 105, 25]]"
541,3,3,105,26,True,"[[3, 105, 26], [3, 105, 26], [3, 105, 26]]"
542,3,3,105,27,True,"[[3, 105, 27], [3, 105, 27], [3, 105, 27]]"
543,3,3,105,28,True,"[[3, 105, 28], [3, 105, 28], [3, 105, 28]]"
544,3,3,105,29,True,"[[3, 105, 29], [3, 105, 29], [3, 105, 29]]"
545,3,3,105,30,True,"[[3, 105, 30], [3, 105, 30], [3, 105, 30]]"
546,3,3,105,31,True,"[[3, 105, 31], [3, 105, 31], [3, 105, 31]]"
547,3,3,105,32,True,"[[3, 105, 32], [3, 105, 32], [3, 105, 32]]"
548,3,3,105,33,True,"[[3, 105, 33], [3, 105, 33], [3, 105, 33]]"
549,3,3,105,34,True,"[[3, 105, 34], [3, 105, 34], [3, 105, 34]]"
550,3,3,116,15,True,"[[3, 116, 15], [3, 116, 15], [3, 116, 15]]"
551,3,3,116,16,True,"[[3, 116, 16], [3, 116, 16], [3, 116, 16]]"
552,3,3,116,17,True,"[[3, 116, 17], [3, 116, 17], [3, 116, 17]]"
553,3,3,116,18,True,"[[3, 116, 18], [3, 116, 18], [3, 116, 18]]"
554,3,3,116,19,True,"[[3, 116, 19], [3, 116, 19], [3, 116, 19]]"
555,3,3,116,20,True,"[[3, 116, 20], [3, 116, 20], [3, 116, 20]]"
556,3,3,116,21,True,"[[3, 116, 21], [3, 116, 21], [3, 116, 21]]"
557,3,3,116,22,True,"[[3, 116, 22], [3, 116, 22], [3, 116, 22]]"
558,3,3,116,23,True,"[[3, 116, 23], [3, 116, 23], [3, 116, 23]]"
559,3,3,116,24,True,"[[3, 116, 24], [3, 116, 24], [3, 116, 24]]"
560,3,3,116,25,True,"[[3, 116, 25], [3, 116, 25], [3, 116, 25]]"
561,3,3,116,26,True,"[[3, 116, 26], [3, 116, 26], [3, 116, 26]]"
562,3,3,116,27,True,"[[3, 116, 27], [3, 116, 27], [3, 116, 27]]"
563,3,3,116,28,True,"[[3, 116, 28], [3, 116, 28], [3, 116, 28]]"
564,3,3,116,29,True,"[[3, 116, 29], [3, 116, 29], [3, 116, 29]]"
565,3,3,116,30,True,"[[3, 116, 30], [3, 116, 30], [3, 116, 30]]"
566,3,3,116,31,True,"[[3, 116, 31], [3, 116, 31], [3, 116, 31]]"
567,3,3,116,32,True,"[[3, 116, 32], [3, 116, 32], [3, 116, 32]]"
568,3,3,116,33,True,"[[3, 116, 33], [3, 116, 33], [3, 116, 33]]"
569,3,3,116,34,True,"[[3, 116, 34], [3, 116, 34], [3, 116, 34]]"
570,3,3,116,35,True,"[[3, 116, 35], [3, 116, 35], [3, 116, 35]]"
571,3,3,128,15,True,"[[3, 128, 15], [3, 128, 15], [3, 128, 15]]"
572,3,3,128,16,True,"[[3, 128, 16], [3, 128, 16], [3, 128, 16]]"
573,3,3,128,17,True,"[[3, 128, 17], [3, 128, 17], [3, 128, 17]]"
574,3,3,128,18,True,"[[3, 128, 18], [3, 128, 18], [3, 128, 18]]"
575,3,3,128,19,True,"[[3, 128, 19], [3, 128, 19], [3, 128, 19]]"
576,3,3,128,20,True,"[[3, 128, 20], [3, 128, 20], [3, 128, 20]]"
577,3,3,128,21,True,"[[3, 128, 21], [3, 128, 21], [3, 128, 21]]"
578,3,3,128,22,True,"[[3, 128, 22], [3, 128, 22], [3, 128, 22]]"
579,3,3,128,23,True,"[[3, 128, 23], [3, 128, 23], [3, 128, 23]]"
580,3,3,128,24,True,"[[3, 128, 24], [3, 128, 24], [3, 128, 24]]"
581,3,3,128,25,True,"[[3, 128, 25], [3, 128, 25], [3, 128, 25]]"
582,3,3,128,26,True,"[[3, 128, 26], [3, 128, 26], [3, 128, 26]]"
583,3,3,128,27,True,"[[3, 128, 27], [3, 128, 27], [3, 128, 27]]"
584,3,3,128,28,True,"[[3, 128, 28], [3, 128, 28], [3, 128, 28]]"
585,3,3,128,29,True,"[[3, 128, 29], [3, 128, 29], [3, 128, 29]]"
586,3,3,128,30,True,"[[3, 128, 30], [3, 128, 30], [3, 128, 30]]"
587,3,3,128,31,True,"[[3, 128, 31], [3, 128, 31], [3, 128, 31]]"
588,3,3,128,32,True,"[[3, 128, 32], [3, 128, 32], [3, 128, 32]]"
589,3,3,128,33,True,"[[3, 128, 33], [3, 128, 33], [3, 128, 33]]"
590,3,3,128,34,True,"[[3, 128, 34], [3, 128, 34], [3, 128, 34]]"
591,3,3,128,35,True,"[[3, 128, 35], [3, 128, 35], [3, 128, 35]]"
592,3,3,140,15,True,"[[3, 140, 15], [3, 140, 15], [3, 140, 15]]"
593,3,3,140,16,True,"[[3, 140, 16], [3, 140, 16], [3, 140, 16]]"
594,3,3,140,17,True,"[[3, 140, 17], [3, 140, 17], [3, 140, 17]]"
595,3,3,140,18,True,"[[3, 140, 18], [3, 140, 18], [3, 140, 18]]"
596,3,3,140,19,True,"[[3, 140, 19], [3, 140, 19], [3, 140, 19]]"
597,3,3,140,20,True,"[[3, 140, 20], [3, 140, 20], [3, 140, 20]]"
598,3,3,140,21,True,"[[3, 140, 21], [3, 140, 21], [3, 140, 21]]"
599,3,3,140,22,True,"[[3, 140, 22], [3, 140, 22], [3, 140, 22]]"
600,3,3,140,23,True,"[[3, 140, 23], [3, 140, 23], [3, 140, 23]]"
601,3,3,140,24,True,"[[3, 140, 24], [3, 140, 24], [3, 140, 24]]"
602,3,3,140,25,True,"[[3, 140, 25], [3, 140, 25], [3, 140, 25]]"
603,3,3,140,26,True,"[[3, 140, 26], [3, 140, 26], [3, 140, 26]]"
604,3,3,140,27,True,"[[3, 140, 27], [3, 140, 27], [3, 140, 27]]"
605,3,3,140,28,True,"[[3, 140, 28], [3, 140, 28], [3, 140, 28]]"
606,3,3,140,29,True,"[[3, 140, 29], [3, 140, 29], [3, 140, 29]]"
607,3,3,140,30,True,"[[3, 140, 30], [3, 140, 30], [3, 140, 30]]"
608,3,3,140,31,True,"[[3, 140, 31], [3, 140, 31], [3, 140, 31]]"
609,3,3,140,32,True,"[[3, 140, 32], [3, 140, 32], [3, 140, 32]]"
610,3,3,140,33,True,"[[3, 140, 33], [3, 140, 33], [3, 140, 33]]"
611,3,3,140,34,True,"[[3, 140, 34], [3, 140, 34], [3, 140, 34]]"
612,3,3,140,35,True,"[[3, 140, 35], [3, 140, 35], [3, 140, 35]]"
613,3,4,70,15,True,"[[4, 70, 15], [4, 70, 15], [4, 70, 15]]"
614,3,4,70,16,True,"[[4, 70, 16], [4, 70, 16], [4, 70, 16]]"
615,3,4,70,17,True,"[[4, 70, 17], [4, 70, 17], [4, 70, 17]]"
616,3,4,81,15,True,"[[4, 81, 15], [4, 81, 15], [4, 81, 15]]"
617,3,4,81,16,True,"[[4, 81, 16], [4, 81, 16], [4, 81, 16]]"
618,3,4,81,17,True,"[[4, 81, 17], [4, 81, 17], [4, 81, 17]]"
619,3,4,81,18,True,"[[4, 81, 18], [4, 81, 18], [4, 81, 18]]"
620,3,4,81,19,True,"[[4, 81, 19], [4, 81, 19], [4, 81, 19]]"
621,3,4,81,20,True,"[[4, 81, 20], [4, 81, 20], [4, 81, 20]]"
622,3,4,93,15,True,"[[4, 93, 15], [4, 93, 15], [4, 93, 15]]"
623,3,4,93,16,True,"[[4, 93, 16], [4, 93, 16], [4, 93, 16]]"
624,3,4,93,17,True,"[[4, 93, 17], [4, 93, 17], [4, 93, 17]]"
625,3,4,93,18,True,"[[4, 93, 18], [4, 93, 18], [4, 93, 18]]"
626,3,4,93,19,True,"[[4, 93, 19], [4, 93, 19], [4, 93, 19]]"
627,3,4,93,20,True,"[[4, 93, 20], [4, 93, 20], [4, 93, 20]]"
628,3,4,93,21,True,"[[4, 93, 21], [4, 93, 21], [4, 93, 21]]"
629,3,4,93,22,True,"[[4, 93, 22], [4, 93, 22], [4, 93, 22]]"
630,3,4,93,23,True,"[[4, 93, 23], [4, 93, 23], [4, 93, 23]]"
631,3,4,105,15,True,"[[4, 105, 15], [4, 105, 15], [4, 105, 15]]"
632,3,4,105,16,True,"[[4, 105, 16], [4, 105, 16], [4, 105, 16]]"
633,3,4,105,17,True,"[[4, 105, 17], [4, 105, 17], [4, 105, 17]]"
634,3,4,105,18,True,"[[4, 105, 18], [4, 105, 18], [4, 105, 18]]"
635,3,4,105,19,True,"[[4, 105, 19], [4, 105, 19], [4, 105, 19]]"
636,3,4,105,20,True,"[[4, 105, 20], [4, 105, 20], [4, 105, 20]]"
637,3,4,105,21,True,"[[4, 105, 21], [4, 105, 21], [4, 105, 21]]"
638,3,4,105,22,True,"[[4, 105, 22], [4, 105, 22], [4, 105, 22]]"
639,3,4,105,23,True,"[[4, 105, 23], [4, 105, 23], [4, 105, 23]]"
640,3,4,105,24,True,"[[4, 105, 24], [4, 105, 24], [4, 105, 24]]"
641,3,4,105,25,True,"[[4, 105, 25], [4, 105, 25], [4, 105, 25]]"
642,3,4,105,26,True,"[[4, 105, 26], [4, 105, 26], [4, 105, 26]]"
643,3,4,116,15,True,"[[4, 116, 15], [4, 116, 15], [4, 116, 15]]"
644,3,4,116,16,True,"[[4, 116, 16], [4, 116, 16], [4, 116, 16]]"
645,3,4,116,17,True,"[[4, 116, 17], [4, 116, 17], [4, 116, 17]]"
646,3,4,116,18,True,"[[4, 116, 18], [4, 116, 18], [4, 116, 18]]"
647,3,4,116,19,True,"[[4, 116, 19], [4, 116, 19], [4, 116, 19]]"
648,3,4,116,20,True,"[[4, 116, 20], [4, 116, 20], [4, 116, 20]]"
649,3,4,116,21,True,"[[4, 116, 21], [4, 116, 21], [4, 116, 21]]"
650,3,4,116,22,True,"[[4, 116, 22], [4, 116, 22], [4, 116, 22]]"
651,3,4,116,23,True,"[[4, 116, 23], [4, 116, 23], [4, 116, 23]]"
652,3,4,116,24,True,"[[4, 116, 24], [4, 116, 24], [4, 116, 24]]"
653,3,4,116,25,True,"[[4, 116, 25], [4, 116, 25], [4, 116, 25]]"
654,3,4,116,26,True,"[[4, 116, 26], [4, 116, 26], [4, 116, 26]]"
655,3,4,116,27,True,"[[4, 116, 27], [4, 116, 27], [4, 116, 27]]"
656,3,4,116,28,True,"[[4, 116, 28], [4, 116, 28], [4, 116, 28]]"
657,3,4,128,15,True,"[[4, 128, 15], [4, 128, 15], [4, 128, 15]]"
658,3,4,128,16,True,"[[4, 128, 16], [4, 128, 16], [4, 128, 16]]"
659,3,4,128,17,True,"[[4, 128, 17], [4, 128, 17], [4, 128, 17]]"
660,3,4,128,18,True,"[[4, 128, 18], [4, 128, 18], [4, 128, 18]]"
661,3,4,128,19,True,"[[4, 128, 19], [4, 128, 19], [4, 128, 19]]"
662,3,4,128,20,True,"[[4, 128, 20], [4, 128, 20], [4, 128, 20]]"
663,3,4,128,21,True,"[[4, 128, 21], [4, 128, 21], [4, 128, 21]]"
664,3,4,128,22,True,"[[4, 128, 22], [4, 128, 22], [4, 128, 22]]"
665,3,4,128,23,True,"[[4, 128, 23], [4, 128, 23], [4, 128, 23]]"
666,3,4,128,24,True,"[[4, 128, 24], [4, 128, 24], [4, 128, 24]]"
667,3,4,128,25,True,"[[4, 128, 25], [4, 128, 25], [4, 128, 25]]"
668,3,4,128,26,True,"[[4, 128, 26], [4, 128, 26], [4, 128, 26]]"
669,3,4,128,27,True,"[[4, 128, 27], [4, 128, 27], [4, 128, 27]]"
670,3,4,128,28,True,"[[4, 128, 28], [4, 128, 28], [4, 128, 28]]"
671,3,4,128,29,True,"[[4, 128, 29], [4, 128, 29], [4, 128, 29]]"
672,3,4,128,30,True,"[[4, 128, 30], [4, 128, 30], [4, 128, 30]]"
673,3,4,128,31,True,"[[4, 128, 31], [4, 128, 31], [4, 128, 31]]"
674,3,4,140,15,True,"[[4, 140, 15], [4, 140, 15], [4, 140, 15]]"
675,3,4,140,16,True,"[[4, 140, 16], [4, 140, 16], [4, 140, 16]]"
676,3,4,140,17,True,"[[4, 140, 17], [4, 140, 17], [4, 140, 17]]"
677,3,4,140,18,True,"[[4, 140, 18], [4, 140, 18], [4, 140, 18]]"
678,3,4,140,19,True,"[[4, 140, 19], [4, 140, 19], [4, 140, 19]]"
679,3,4,140,20,True,"[[4, 140, 20], [4, 140, 20], [4, 140, 20]]"
680,3,4,140,21,True,"[[4, 140, 21], [4, 140, 21], [4, 140, 21]]"
681,3,4,140,22,True,"[[4, 140, 22], [4, 140, 22], [4, 140, 22]]"
682,3,4,140,23,True,"[[4, 140, 23], [4, 140, 23], [4, 140, 23]]"
683,3,4,140,24,True,"[[4, 140, 24], [4, 140, 24], [4, 140, 24]]"
684,3,4,140,25,True,"[[4, 140, 25], [4, 140, 25], [4, 140, 25]]"
685,3,4,140,26,True,"[[4, 140, 26], [4, 140, 26], [4, 140, 26]]"
686,3,4,140,27,True,"[[4, 140, 27], [4, 140, 27], [4, 140, 27]]"
687,3,4,140,28,True,"[[4, 140, 28], [4, 140, 28], [4, 140, 28]]"
688,3,4,140,29,True,"[[4, 140, 29], [4, 140, 29], [4, 140, 29]]"
689,3,4,140,30,True,"[[4, 140, 30], [4, 140, 30], [4, 140, 30]]"
690,3,4,140,31,True,"[[4, 140, 31], [4, 140, 31], [4, 140, 31]]"
691,3,4,140,32,True,"[[4, 140, 32], [4, 140, 32], [4, 140, 32]]"
692,3,4,140,33,True,"[[4, 140, 33], [4, 140, 33], [4, 140, 33]]"
693,3,4,140,34,True,"[[4, 140, 34], [4, 140, 34], [4, 140, 34]]"
